[{"Keyword":"AI","Count":2484,"Domain":"Software Development","Category":"Technical"},{"Keyword":"Go","Count":1871,"Domain":"Software Development","Category":"Technical"},{"Keyword":"Dev","Count":1821,"Domain":"Software Development","Category":"Technical"},{"Keyword":"Management","Count":1355,"Domain":"Software Development","Category":"Technical"},{"Keyword":"Development","Count":1322,"Domain":"Software Development","Category":"Technical"},{"Keyword":"Project","Count":1037,"Domain":"Software Development","Category":"Technical"},{"Keyword":"Technology","Count":822,"Domain":"Software Development","Category":"Technical"},{"Keyword":"AWS","Count":607,"Domain":"Software Development","Category":"Technical"},{"Keyword":"Git","Count":601,"Domain":"Software Development","Category":"Technical"},{"Keyword":"Rust","Count":415,"Domain":"Software Development","Category":"Technical"},{"Keyword":"SQL","Count":366,"Domain":"Software Development","Category":"Technical"},{"Keyword":"Cloud","Count":322,"Domain":"Software Development","Category":"Technical"},{"Keyword":"Python","Count":272,"Domain":"Software Development","Category":"Technical"},{"Keyword":"Developer","Count":251,"Domain":"Software Development","Category":"Technical"},{"Keyword":"Agile","Count":243,"Domain":"Software Development","Category":"Technical"},{"Keyword":"Java","Count":222,"Domain":"Software Development","Category":"Technical"},{"Keyword":"iOS","Count":221,"Domain":"Software Development","Category":"Technical"},{"Keyword":"Azure","Count":146,"Domain":"Software Development","Category":"Technical"},{"Keyword":"React","Count":139,"Domain":"Software Development","Category":"Technical"},{"Keyword":"JavaScript","Count":116,"Domain":"Software Development","Category":"Technical"},{"Keyword":"C++","Count":109,"Domain":"Software Development","Category":"Technical"},{"Keyword":"Windows","Count":100,"Domain":"Software Development","Category":"Technical"},{"Keyword":"Oracle","Count":94,"Domain":"Software Development","Category":"Technical"},{"Keyword":"C#","Count":93,"Domain":"Software Development","Category":"Technical"},{"Keyword":"Linux","Count":86,"Domain":"Software Development","Category":"Technical"},{"Keyword":"Scrum","Count":80,"Domain":"Software Development","Category":"Technical"},{"Keyword":"Docker","Count":78,"Domain":"Software Development","Category":"Technical"},{"Keyword":"HTML","Count":77,"Domain":"Software Development","Category":"Technical"},{"Keyword":"Project Manager","Count":75,"Domain":"Software Development","Category":"Technical"},{"Keyword":"CI\/CD","Count":75,"Domain":"Software Development","Category":"Technical"},{"Keyword":"Kubernetes","Count":70,"Domain":"Software Development","Category":"Technical"},{"Keyword":"GitHub","Count":66,"Domain":"Software Development","Category":"Technical"},{"Keyword":"SQL Server","Count":63,"Domain":"Software Development","Category":"Technical"},{"Keyword":"CSS","Count":60,"Domain":"Software Development","Category":"Technical"},{"Keyword":"Algorithms","Count":50,"Domain":"Software Development","Category":"Technical"},{"Keyword":"Angular","Count":49,"Domain":"Software Development","Category":"Technical"},{"Keyword":"NoSQL","Count":48,"Domain":"Software Development","Category":"Technical"},{"Keyword":"Jenkins","Count":47,"Domain":"Software Development","Category":"Technical"},{"Keyword":"MySQL","Count":46,"Domain":"Software Development","Category":"Technical"},{"Keyword":"Redis","Count":40,"Domain":"Software Development","Category":"Technical"},{"Keyword":"TypeScript","Count":35,"Domain":"Software Development","Category":"Technical"},{"Keyword":"Microservices","Count":35,"Domain":"Software Development","Category":"Technical"},{"Keyword":"Bash","Count":32,"Domain":"Software Development","Category":"Technical"},{"Keyword":"Unix","Count":31,"Domain":"Software Development","Category":"Technical"},{"Keyword":"Cloud Computing","Count":31,"Domain":"Software Development","Category":"Technical"},{"Keyword":"GitLab","Count":31,"Domain":"Software Development","Category":"Technical"},{"Keyword":"Terraform","Count":31,"Domain":"Software Development","Category":"Technical"},{"Keyword":"PostgreSQL","Count":30,"Domain":"Software Development","Category":"Technical"},{"Keyword":"Node.js","Count":30,"Domain":"Software Development","Category":"Technical"},{"Keyword":"Data Structures","Count":29,"Domain":"Software Development","Category":"Technical"},{"Keyword":"Spring Boot","Count":28,"Domain":"Software Development","Category":"Technical"},{"Keyword":"Design Patterns","Count":27,"Domain":"Software Development","Category":"Technical"},{"Keyword":"Android","Count":25,"Domain":"Software Development","Category":"Technical"},{"Keyword":"Bitbucket","Count":23,"Domain":"Software Development","Category":"Technical"},{"Keyword":"Swift","Count":21,"Domain":"Software Development","Category":"Technical"},{"Keyword":"PowerShell","Count":21,"Domain":"Software Development","Category":"Technical"},{"Keyword":"PHP","Count":20,"Domain":"Software Development","Category":"Technical"},{"Keyword":"ASP.NET","Count":18,"Domain":"Software Development","Category":"Technical"},{"Keyword":"MongoDB","Count":17,"Domain":"Software Development","Category":"Technical"},{"Keyword":"GitHub Actions","Count":15,"Domain":"Software Development","Category":"Technical"},{"Keyword":"REST API","Count":13,"Domain":"Software Development","Category":"Technical"},{"Keyword":"Google Cloud Platform","Count":11,"Domain":"Software Development","Category":"Technical"},{"Keyword":"Ruby","Count":10,"Domain":"Software Development","Category":"Technical"},{"Keyword":"Vue.js","Count":9,"Domain":"Software Development","Category":"Technical"},{"Keyword":"GraphQL","Count":9,"Domain":"Software Development","Category":"Technical"},{"Keyword":"JUnit","Count":9,"Domain":"Software Development","Category":"Technical"},{"Keyword":"macOS","Count":8,"Domain":"Software Development","Category":"Technical"},{"Keyword":"Flask","Count":8,"Domain":"Software Development","Category":"Technical"},{"Keyword":"Postman","Count":8,"Domain":"Software Development","Category":"Technical"},{"Keyword":"Jest","Count":7,"Domain":"Software Development","Category":"Technical"},{"Keyword":"Selenium","Count":7,"Domain":"Software Development","Category":"Technical"},{"Keyword":"Cypress","Count":7,"Domain":"Software Development","Category":"Technical"},{"Keyword":"React Native","Count":6,"Domain":"Software Development","Category":"Technical"},{"Keyword":"Django","Count":6,"Domain":"Software Development","Category":"Technical"},{"Keyword":"Cassandra","Count":5,"Domain":"Software Development","Category":"Technical"},{"Keyword":"DynamoDB","Count":5,"Domain":"Software Development","Category":"Technical"},{"Keyword":"Firebase","Count":4,"Domain":"Software Development","Category":"Technical"},{"Keyword":"GraphQL API","Count":3,"Domain":"Software Development","Category":"Technical"},{"Keyword":"Kotlin","Count":3,"Domain":"Software Development","Category":"Technical"},{"Keyword":"Eclipse","Count":3,"Domain":"Software Development","Category":"Technical"},{"Keyword":"Functional Programming","Count":2,"Domain":"Software Development","Category":"Technical"},{"Keyword":"Concurrency","Count":2,"Domain":"Software Development","Category":"Technical"},{"Keyword":"Xcode","Count":2,"Domain":"Software Development","Category":"Technical"},{"Keyword":"Object-Oriented Programming (OOP)","Count":2,"Domain":"Software Development","Category":"Technical"},{"Keyword":"Multithreading","Count":1,"Domain":"Software Development","Category":"Technical"},{"Keyword":"Xamarin","Count":1,"Domain":"Software Development","Category":"Technical"},{"Keyword":"PyTest","Count":1,"Domain":"Software Development","Category":"Technical"},{"Keyword":"Mocha","Count":1,"Domain":"Software Development","Category":"Technical"},{"Keyword":"Flutter","Count":0,"Domain":"Software Development","Category":"Technical"},{"Keyword":"Machine LearningEngineer","Count":0,"Domain":"Software Development","Category":"Technical"},{"Keyword":"NetBeans","Count":0,"Domain":"Software Development","Category":"Technical"},{"Keyword":"Android Studio","Count":0,"Domain":"Software Development","Category":"Technical"},{"Keyword":"PyCharm","Count":0,"Domain":"Software Development","Category":"Technical"},{"Keyword":"SQLite","Count":0,"Domain":"Software Development","Category":"Technical"},{"Keyword":"IntelliJ IDEA","Count":0,"Domain":"Software Development","Category":"Technical"},{"Keyword":"VS Code","Count":0,"Domain":"Software Development","Category":"Technical"},{"Keyword":"TDD (Test-Driven Development)","Count":0,"Domain":"Software Development","Category":"Technical"},{"Keyword":"Communication","Count":1366,"Domain":"Software Development","Category":"Soft"},{"Keyword":"Flexible","Count":817,"Domain":"Software Development","Category":"Soft"},{"Keyword":"Leadership","Count":625,"Domain":"Software Development","Category":"Soft"},{"Keyword":"Innovative","Count":537,"Domain":"Software Development","Category":"Soft"},{"Keyword":"Collaboration","Count":436,"Domain":"Software Development","Category":"Soft"},{"Keyword":"Driven","Count":401,"Domain":"Software Development","Category":"Soft"},{"Keyword":"Attention to Detail","Count":343,"Domain":"Software Development","Category":"Soft"},{"Keyword":"Problem-Solving","Count":286,"Domain":"Software Development","Category":"Soft"},{"Keyword":"Creative","Count":279,"Domain":"Software Development","Category":"Soft"},{"Keyword":"Flexibility","Count":267,"Domain":"Software Development","Category":"Soft"},{"Keyword":"Determined","Count":250,"Domain":"Software Development","Category":"Soft"},{"Keyword":"Teamwork","Count":148,"Domain":"Software Development","Category":"Soft"},{"Keyword":"Problem Solving","Count":140,"Domain":"Software Development","Category":"Soft"},{"Keyword":"Time Management","Count":103,"Domain":"Software Development","Category":"Soft"},{"Keyword":"Creativity","Count":97,"Domain":"Software Development","Category":"Soft"},{"Keyword":"Continuous Learning","Count":94,"Domain":"Software Development","Category":"Soft"},{"Keyword":"Self-Motivated","Count":72,"Domain":"Software Development","Category":"Soft"},{"Keyword":"Critical Thinking","Count":59,"Domain":"Software Development","Category":"Soft"},{"Keyword":"Adaptability","Count":41,"Domain":"Software Development","Category":"Soft"},{"Keyword":"Prioritization","Count":39,"Domain":"Software Development","Category":"Soft"},{"Keyword":"Logical Thinking","Count":16,"Domain":"Software Development","Category":"Soft"},{"Keyword":"Self Motivated","Count":15,"Domain":"Software Development","Category":"Soft"},{"Keyword":"Collaboration & Teamwork","Count":0,"Domain":"Software Development","Category":"Soft"},{"Keyword":"Communication (Technical & Non-Technical)","Count":0,"Domain":"Software Development","Category":"Soft"},{"Keyword":"Agile & Scrum Methodologies","Count":0,"Domain":"Software Development","Category":"Soft"},{"Keyword":"Creativity & Innovation","Count":0,"Domain":"Software Development","Category":"Soft"},{"Keyword":"Client & Stakeholder Management","Count":0,"Domain":"Software Development","Category":"Soft"},{"Keyword":"Resilience (Handling Bugs & Failures)","Count":0,"Domain":"Software Development","Category":"Soft"},{"Keyword":"Debugging & Troubleshooting","Count":0,"Domain":"Software Development","Category":"Soft"},{"Keyword":"R","Count":2571,"Domain":"Data Scientist","Category":"Technical"},{"Keyword":"AI","Count":2484,"Domain":"Data Scientist","Category":"Technical"},{"Keyword":"AWS","Count":607,"Domain":"Data Scientist","Category":"Technical"},{"Keyword":"SQL","Count":366,"Domain":"Data Scientist","Category":"Technical"},{"Keyword":"Scala","Count":297,"Domain":"Data Scientist","Category":"Technical"},{"Keyword":"Python","Count":272,"Domain":"Data Scientist","Category":"Technical"},{"Keyword":"Java","Count":222,"Domain":"Data Scientist","Category":"Technical"},{"Keyword":"Optimization","Count":186,"Domain":"Data Scientist","Category":"Technical"},{"Keyword":"Azure","Count":146,"Domain":"Data Scientist","Category":"Technical"},{"Keyword":"Machine Learning","Count":124,"Domain":"Data Scientist","Category":"Technical"},{"Keyword":"C++","Count":109,"Domain":"Data Scientist","Category":"Technical"},{"Keyword":"Tableau","Count":87,"Domain":"Data Scientist","Category":"Technical"},{"Keyword":"Docker","Count":78,"Domain":"Data Scientist","Category":"Technical"},{"Keyword":"Kubernetes","Count":70,"Domain":"Data Scientist","Category":"Technical"},{"Keyword":"Power BI","Count":66,"Domain":"Data Scientist","Category":"Technical"},{"Keyword":"NoSQL","Count":48,"Domain":"Data Scientist","Category":"Technical"},{"Keyword":"MySQL","Count":46,"Domain":"Data Scientist","Category":"Technical"},{"Keyword":"BERT","Count":45,"Domain":"Data Scientist","Category":"Technical"},{"Keyword":"Databricks","Count":35,"Domain":"Data Scientist","Category":"Technical"},{"Keyword":"PostgreSQL","Count":30,"Domain":"Data Scientist","Category":"Technical"},{"Keyword":"Pandas","Count":25,"Domain":"Data Scientist","Category":"Technical"},{"Keyword":"GPT","Count":20,"Domain":"Data Scientist","Category":"Technical"},{"Keyword":"Snowflake","Count":20,"Domain":"Data Scientist","Category":"Technical"},{"Keyword":"PyTorch","Count":18,"Domain":"Data Scientist","Category":"Technical"},{"Keyword":"NLP","Count":18,"Domain":"Data Scientist","Category":"Technical"},{"Keyword":"MongoDB","Count":17,"Domain":"Data Scientist","Category":"Technical"},{"Keyword":"TensorFlow","Count":17,"Domain":"Data Scientist","Category":"Technical"},{"Keyword":"NumPy","Count":16,"Domain":"Data Scientist","Category":"Technical"},{"Keyword":"MATLAB","Count":15,"Domain":"Data Scientist","Category":"Technical"},{"Keyword":"Hadoop","Count":13,"Domain":"Data Scientist","Category":"Technical"},{"Keyword":"Reinforcement Learning","Count":12,"Domain":"Data Scientist","Category":"Technical"},{"Keyword":"Time Series Analysis","Count":11,"Domain":"Data Scientist","Category":"Technical"},{"Keyword":"Google Cloud Platform","Count":11,"Domain":"Data Scientist","Category":"Technical"},{"Keyword":"Feature Engineering","Count":9,"Domain":"Data Scientist","Category":"Technical"},{"Keyword":"Apache Spark","Count":9,"Domain":"Data Scientist","Category":"Technical"},{"Keyword":"Flask","Count":8,"Domain":"Data Scientist","Category":"Technical"},{"Keyword":"A\/B Testing","Count":8,"Domain":"Data Scientist","Category":"Technical"},{"Keyword":"Scikit-learn","Count":8,"Domain":"Data Scientist","Category":"Technical"},{"Keyword":"BigQuery","Count":7,"Domain":"Data Scientist","Category":"Technical"},{"Keyword":"Delta Lake","Count":7,"Domain":"Data Scientist","Category":"Technical"},{"Keyword":"Hypothesis Testing","Count":6,"Domain":"Data Scientist","Category":"Technical"},{"Keyword":"Airflow","Count":5,"Domain":"Data Scientist","Category":"Technical"},{"Keyword":"Neural Networks","Count":5,"Domain":"Data Scientist","Category":"Technical"},{"Keyword":"Cassandra","Count":5,"Domain":"Data Scientist","Category":"Technical"},{"Keyword":"Image Processing","Count":4,"Domain":"Data Scientist","Category":"Technical"},{"Keyword":"Keras","Count":4,"Domain":"Data Scientist","Category":"Technical"},{"Keyword":"Matplotlib","Count":4,"Domain":"Data Scientist","Category":"Technical"},{"Keyword":"FastAPI","Count":3,"Domain":"Data Scientist","Category":"Technical"},{"Keyword":"Seaborn","Count":3,"Domain":"Data Scientist","Category":"Technical"},{"Keyword":"ETL (Extract, Transform, Load)","Count":3,"Domain":"Data Scientist","Category":"Technical"},{"Keyword":"Dask","Count":2,"Domain":"Data Scientist","Category":"Technical"},{"Keyword":"Jupyter Notebook","Count":2,"Domain":"Data Scientist","Category":"Technical"},{"Keyword":"MLflow","Count":2,"Domain":"Data Scientist","Category":"Technical"},{"Keyword":"Probability","Count":2,"Domain":"Data Scientist","Category":"Technical"},{"Keyword":"Exploratory Data Analysis (EDA)","Count":2,"Domain":"Data Scientist","Category":"Technical"},{"Keyword":"Presto","Count":2,"Domain":"Data Scientist","Category":"Technical"},{"Keyword":"NLTK","Count":1,"Domain":"Data Scientist","Category":"Technical"},{"Keyword":"Data Cleaning","Count":1,"Domain":"Data Scientist","Category":"Technical"},{"Keyword":"Kubeflow","Count":1,"Domain":"Data Scientist","Category":"Technical"},{"Keyword":"SpaCy","Count":1,"Domain":"Data Scientist","Category":"Technical"},{"Keyword":"YOLO","Count":1,"Domain":"Data Scientist","Category":"Technical"},{"Keyword":"Data Wrangling","Count":1,"Domain":"Data Scientist","Category":"Technical"},{"Keyword":"XGBoost","Count":1,"Domain":"Data Scientist","Category":"Technical"},{"Keyword":"AutoML","Count":1,"Domain":"Data Scientist","Category":"Technical"},{"Keyword":"Dimensionality Reduction","Count":1,"Domain":"Data Scientist","Category":"Technical"},{"Keyword":"Random Forest","Count":1,"Domain":"Data Scientist","Category":"Technical"},{"Keyword":"Regression Analysis","Count":1,"Domain":"Data Scientist","Category":"Technical"},{"Keyword":"Linear Algebra","Count":1,"Domain":"Data Scientist","Category":"Technical"},{"Keyword":"Apache Airflow","Count":1,"Domain":"Data Scientist","Category":"Technical"},{"Keyword":"Julia","Count":0,"Domain":"Data Scientist","Category":"Technical"},{"Keyword":"Google Colab","Count":0,"Domain":"Data Scientist","Category":"Technical"},{"Keyword":"H2O.ai","Count":0,"Domain":"Data Scientist","Category":"Technical"},{"Keyword":"GANs (Generative Adversarial Networks)","Count":0,"Domain":"Data Scientist","Category":"Technical"},{"Keyword":"Feature Store","Count":0,"Domain":"Data Scientist","Category":"Technical"},{"Keyword":"LightGBM","Count":0,"Domain":"Data Scientist","Category":"Technical"},{"Keyword":"DataRobot","Count":0,"Domain":"Data Scientist","Category":"Technical"},{"Keyword":"RapidMiner","Count":0,"Domain":"Data Scientist","Category":"Technical"},{"Keyword":"CatBoost","Count":0,"Domain":"Data Scientist","Category":"Technical"},{"Keyword":"Self-Supervised Learning","Count":0,"Domain":"Data Scientist","Category":"Technical"},{"Keyword":"Convolutional Neural Networks (CNNs)","Count":0,"Domain":"Data Scientist","Category":"Technical"},{"Keyword":"Gradient Boosting","Count":0,"Domain":"Data Scientist","Category":"Technical"},{"Keyword":"Support Vector Machines (SVM)","Count":0,"Domain":"Data Scientist","Category":"Technical"},{"Keyword":"Hugging Face Transformers","Count":0,"Domain":"Data Scientist","Category":"Technical"},{"Keyword":"D3.js","Count":0,"Domain":"Data Scientist","Category":"Technical"},{"Keyword":"Polars","Count":0,"Domain":"Data Scientist","Category":"Technical"},{"Keyword":"ggplot2","Count":0,"Domain":"Data Scientist","Category":"Technical"},{"Keyword":"Plotly","Count":0,"Domain":"Data Scientist","Category":"Technical"},{"Keyword":"Word Embeddings","Count":0,"Domain":"Data Scientist","Category":"Technical"},{"Keyword":"Markov Chains","Count":0,"Domain":"Data Scientist","Category":"Technical"},{"Keyword":"Text Classification","Count":0,"Domain":"Data Scientist","Category":"Technical"},{"Keyword":"Bayesian Statistics","Count":0,"Domain":"Data Scientist","Category":"Technical"},{"Keyword":"Named Entity Recognition (NER)","Count":0,"Domain":"Data Scientist","Category":"Technical"},{"Keyword":"Artificial IntelligenceOpenCV","Count":0,"Domain":"Data Scientist","Category":"Technical"},{"Keyword":"Object Detection","Count":0,"Domain":"Data Scientist","Category":"Technical"},{"Keyword":"Sentiment Analysis","Count":0,"Domain":"Data Scientist","Category":"Technical"},{"Keyword":"Communication","Count":1366,"Domain":"Data Scientist","Category":"Soft"},{"Keyword":"Flexible","Count":817,"Domain":"Data Scientist","Category":"Soft"},{"Keyword":"Leadership","Count":625,"Domain":"Data Scientist","Category":"Soft"},{"Keyword":"Innovative","Count":537,"Domain":"Data Scientist","Category":"Soft"},{"Keyword":"Collaboration","Count":436,"Domain":"Data Scientist","Category":"Soft"},{"Keyword":"Driven","Count":401,"Domain":"Data Scientist","Category":"Soft"},{"Keyword":"Presentation","Count":323,"Domain":"Data Scientist","Category":"Soft"},{"Keyword":"Problem-Solving","Count":286,"Domain":"Data Scientist","Category":"Soft"},{"Keyword":"Creative","Count":279,"Domain":"Data Scientist","Category":"Soft"},{"Keyword":"Visual","Count":277,"Domain":"Data Scientist","Category":"Soft"},{"Keyword":"Flexibility","Count":267,"Domain":"Data Scientist","Category":"Soft"},{"Keyword":"Determined","Count":250,"Domain":"Data Scientist","Category":"Soft"},{"Keyword":"Teamwork","Count":148,"Domain":"Data Scientist","Category":"Soft"},{"Keyword":"Problem Solving","Count":140,"Domain":"Data Scientist","Category":"Soft"},{"Keyword":"Time Management","Count":103,"Domain":"Data Scientist","Category":"Soft"},{"Keyword":"Creativity","Count":97,"Domain":"Data Scientist","Category":"Soft"},{"Keyword":"Self-Motivated","Count":72,"Domain":"Data Scientist","Category":"Soft"},{"Keyword":"Critical Thinking","Count":59,"Domain":"Data Scientist","Category":"Soft"},{"Keyword":"Business Acumen","Count":51,"Domain":"Data Scientist","Category":"Soft"},{"Keyword":"Storytelling","Count":34,"Domain":"Data Scientist","Category":"Soft"},{"Keyword":"Self Motivated","Count":15,"Domain":"Data Scientist","Category":"Soft"},{"Keyword":"Domain Knowledge","Count":10,"Domain":"Data Scientist","Category":"Soft"},{"Keyword":"Visionary","Count":8,"Domain":"Data Scientist","Category":"Soft"},{"Keyword":"Collaboration with Cross-Functional Teams","Count":3,"Domain":"Data Scientist","Category":"Soft"},{"Keyword":"Ethical Considerations in AI","Count":1,"Domain":"Data Scientist","Category":"Soft"},{"Keyword":"Curiosity & Continuous Learning","Count":0,"Domain":"Data Scientist","Category":"Soft"},{"Keyword":"Creativity & Innovation","Count":0,"Domain":"Data Scientist","Category":"Soft"},{"Keyword":"Logical & Analytical Thinking","Count":0,"Domain":"Data Scientist","Category":"Soft"},{"Keyword":"Handling Ambiguity","Count":0,"Domain":"Data Scientist","Category":"Soft"},{"Keyword":"Communication & Storytelling","Count":0,"Domain":"Data Scientist","Category":"Soft"},{"Keyword":"Experimentation & Research Mindset","Count":0,"Domain":"Data Scientist","Category":"Soft"},{"Keyword":"Resilience (Iterating Over Models)","Count":0,"Domain":"Data Scientist","Category":"Soft"},{"Keyword":"R","Count":2571,"Domain":"Data Analyst","Category":"Technical"},{"Keyword":"AI","Count":2484,"Domain":"Data Analyst","Category":"Technical"},{"Keyword":"Excel","Count":1306,"Domain":"Data Analyst","Category":"Technical"},{"Keyword":"SQL","Count":366,"Domain":"Data Analyst","Category":"Technical"},{"Keyword":"Python","Count":272,"Domain":"Data Analyst","Category":"Technical"},{"Keyword":"SAS","Count":236,"Domain":"Data Analyst","Category":"Technical"},{"Keyword":"Classification","Count":160,"Domain":"Data Analyst","Category":"Technical"},{"Keyword":"Machine Learning","Count":124,"Domain":"Data Analyst","Category":"Technical"},{"Keyword":"JavaScript","Count":116,"Domain":"Data Analyst","Category":"Technical"},{"Keyword":"Oracle","Count":94,"Domain":"Data Analyst","Category":"Technical"},{"Keyword":"Tableau","Count":87,"Domain":"Data Analyst","Category":"Technical"},{"Keyword":"Artificial Intelligence","Count":79,"Domain":"Data Analyst","Category":"Technical"},{"Keyword":"Power BI","Count":66,"Domain":"Data Analyst","Category":"Technical"},{"Keyword":"Spark","Count":51,"Domain":"Data Analyst","Category":"Technical"},{"Keyword":"NoSQL","Count":48,"Domain":"Data Analyst","Category":"Technical"},{"Keyword":"MySQL","Count":46,"Domain":"Data Analyst","Category":"Technical"},{"Keyword":"Data Mining","Count":36,"Domain":"Data Analyst","Category":"Technical"},{"Keyword":"Kafka","Count":35,"Domain":"Data Analyst","Category":"Technical"},{"Keyword":"Databricks","Count":35,"Domain":"Data Analyst","Category":"Technical"},{"Keyword":"Statistical Analysis","Count":33,"Domain":"Data Analyst","Category":"Technical"},{"Keyword":"Google Sheets","Count":31,"Domain":"Data Analyst","Category":"Technical"},{"Keyword":"PostgreSQL","Count":30,"Domain":"Data Analyst","Category":"Technical"},{"Keyword":"Data Warehousing","Count":29,"Domain":"Data Analyst","Category":"Technical"},{"Keyword":"Data Pipelines","Count":27,"Domain":"Data Analyst","Category":"Technical"},{"Keyword":"Pandas","Count":25,"Domain":"Data Analyst","Category":"Technical"},{"Keyword":"Snowflake","Count":20,"Domain":"Data Analyst","Category":"Technical"},{"Keyword":"PyTorch","Count":18,"Domain":"Data Analyst","Category":"Technical"},{"Keyword":"VBA","Count":18,"Domain":"Data Analyst","Category":"Technical"},{"Keyword":"MongoDB","Count":17,"Domain":"Data Analyst","Category":"Technical"},{"Keyword":"TensorFlow","Count":17,"Domain":"Data Analyst","Category":"Technical"},{"Keyword":"NumPy","Count":16,"Domain":"Data Analyst","Category":"Technical"},{"Keyword":"MATLAB","Count":15,"Domain":"Data Analyst","Category":"Technical"},{"Keyword":"Hadoop","Count":13,"Domain":"Data Analyst","Category":"Technical"},{"Keyword":"Time Series Analysis","Count":11,"Domain":"Data Analyst","Category":"Technical"},{"Keyword":"Looker","Count":8,"Domain":"Data Analyst","Category":"Technical"},{"Keyword":"A\/B Testing","Count":8,"Domain":"Data Analyst","Category":"Technical"},{"Keyword":"Dashboarding","Count":8,"Domain":"Data Analyst","Category":"Technical"},{"Keyword":"Scikit-learn","Count":8,"Domain":"Data Analyst","Category":"Technical"},{"Keyword":"BigQuery","Count":7,"Domain":"Data Analyst","Category":"Technical"},{"Keyword":"Data Transformation","Count":6,"Domain":"Data Analyst","Category":"Technical"},{"Keyword":"Hypothesis Testing","Count":6,"Domain":"Data Analyst","Category":"Technical"},{"Keyword":"Airflow","Count":5,"Domain":"Data Analyst","Category":"Technical"},{"Keyword":"SPSS","Count":5,"Domain":"Data Analyst","Category":"Technical"},{"Keyword":"Pivot Tables","Count":5,"Domain":"Data Analyst","Category":"Technical"},{"Keyword":"Matplotlib","Count":4,"Domain":"Data Analyst","Category":"Technical"},{"Keyword":"ETL (Extract, Transform, Load)","Count":3,"Domain":"Data Analyst","Category":"Technical"},{"Keyword":"Seaborn","Count":3,"Domain":"Data Analyst","Category":"Technical"},{"Keyword":"IBM Cognos","Count":2,"Domain":"Data Analyst","Category":"Technical"},{"Keyword":"Jupyter Notebook","Count":2,"Domain":"Data Analyst","Category":"Technical"},{"Keyword":"Natural Language Processing (NLP)","Count":2,"Domain":"Data Analyst","Category":"Technical"},{"Keyword":"Probability","Count":2,"Domain":"Data Analyst","Category":"Technical"},{"Keyword":"Exploratory Data Analysis (EDA)","Count":2,"Domain":"Data Analyst","Category":"Technical"},{"Keyword":"Data Wrangling","Count":1,"Domain":"Data Analyst","Category":"Technical"},{"Keyword":"Data Cleaning","Count":1,"Domain":"Data Analyst","Category":"Technical"},{"Keyword":"Regression Analysis","Count":1,"Domain":"Data Analyst","Category":"Technical"},{"Keyword":"Google Data Studio","Count":1,"Domain":"Data Analyst","Category":"Technical"},{"Keyword":"Reporting Automation","Count":1,"Domain":"Data Analyst","Category":"Technical"},{"Keyword":"Azure Synapse Analytics","Count":1,"Domain":"Data Analyst","Category":"Technical"},{"Keyword":"Google BigQuery","Count":1,"Domain":"Data Analyst","Category":"Technical"},{"Keyword":"Time Series Forecasting","Count":1,"Domain":"Data Analyst","Category":"Technical"},{"Keyword":"Clustering","Count":1,"Domain":"Data Analyst","Category":"Technical"},{"Keyword":"SAP BusinessObjects","Count":0,"Domain":"Data Analyst","Category":"Technical"},{"Keyword":"Alteryx","Count":0,"Domain":"Data Analyst","Category":"Technical"},{"Keyword":"Google Colab","Count":0,"Domain":"Data Analyst","Category":"Technical"},{"Keyword":"SQL Optimization","Count":0,"Domain":"Data Analyst","Category":"Technical"},{"Keyword":"Julia","Count":0,"Domain":"Data Analyst","Category":"Technical"},{"Keyword":"Dplyr","Count":0,"Domain":"Data Analyst","Category":"Technical"},{"Keyword":"Tidyverse","Count":0,"Domain":"Data Analyst","Category":"Technical"},{"Keyword":"KPI Analysis","Count":0,"Domain":"Data Analyst","Category":"Technical"},{"Keyword":"ggplot2","Count":0,"Domain":"Data Analyst","Category":"Technical"},{"Keyword":"ANOVA","Count":0,"Domain":"Data Analyst","Category":"Technical"},{"Keyword":"Bayesian Statistics","Count":0,"Domain":"Data Analyst","Category":"Technical"},{"Keyword":"Plotly","Count":0,"Domain":"Data Analyst","Category":"Technical"},{"Keyword":"AWS Redshift","Count":0,"Domain":"Data Analyst","Category":"Technical"},{"Keyword":"DAX (Data Analysis Expressions)","Count":0,"Domain":"Data Analyst","Category":"Technical"},{"Keyword":"Communication","Count":1366,"Domain":"Data Analyst","Category":"Soft"},{"Keyword":"Flexible","Count":817,"Domain":"Data Analyst","Category":"Soft"},{"Keyword":"Leadership","Count":625,"Domain":"Data Analyst","Category":"Soft"},{"Keyword":"Innovative","Count":537,"Domain":"Data Analyst","Category":"Soft"},{"Keyword":"Collaboration","Count":436,"Domain":"Data Analyst","Category":"Soft"},{"Keyword":"Driven","Count":401,"Domain":"Data Analyst","Category":"Soft"},{"Keyword":"Attention to Detail","Count":343,"Domain":"Data Analyst","Category":"Soft"},{"Keyword":"Presentation","Count":323,"Domain":"Data Analyst","Category":"Soft"},{"Keyword":"Problem-Solving","Count":286,"Domain":"Data Analyst","Category":"Soft"},{"Keyword":"Creative","Count":279,"Domain":"Data Analyst","Category":"Soft"},{"Keyword":"Visual","Count":277,"Domain":"Data Analyst","Category":"Soft"},{"Keyword":"Flexibility","Count":267,"Domain":"Data Analyst","Category":"Soft"},{"Keyword":"Determined","Count":250,"Domain":"Data Analyst","Category":"Soft"},{"Keyword":"Teamwork","Count":148,"Domain":"Data Analyst","Category":"Soft"},{"Keyword":"Problem Solving","Count":140,"Domain":"Data Analyst","Category":"Soft"},{"Keyword":"Decision-Making","Count":118,"Domain":"Data Analyst","Category":"Soft"},{"Keyword":"Time Management","Count":103,"Domain":"Data Analyst","Category":"Soft"},{"Keyword":"Creativity","Count":97,"Domain":"Data Analyst","Category":"Soft"},{"Keyword":"Self-Motivated","Count":72,"Domain":"Data Analyst","Category":"Soft"},{"Keyword":"Critical Thinking","Count":59,"Domain":"Data Analyst","Category":"Soft"},{"Keyword":"Business Acumen","Count":51,"Domain":"Data Analyst","Category":"Soft"},{"Keyword":"Adaptability","Count":41,"Domain":"Data Analyst","Category":"Soft"},{"Keyword":"Storytelling","Count":34,"Domain":"Data Analyst","Category":"Soft"},{"Keyword":"Self Motivated","Count":15,"Domain":"Data Analyst","Category":"Soft"},{"Keyword":"Stakeholder Engagement","Count":15,"Domain":"Data Analyst","Category":"Soft"},{"Keyword":"Analytical Thinking","Count":11,"Domain":"Data Analyst","Category":"Soft"},{"Keyword":"Visionary","Count":8,"Domain":"Data Analyst","Category":"Soft"},{"Keyword":"Pattern Recognition","Count":4,"Domain":"Data Analyst","Category":"Soft"},{"Keyword":"Curiosity & Continuous Learning","Count":0,"Domain":"Data Analyst","Category":"Soft"},{"Keyword":"Collaboration & Teamwork","Count":0,"Domain":"Data Analyst","Category":"Soft"},{"Keyword":"Communication & Presentation Skills","Count":0,"Domain":"Data Analyst","Category":"Soft"},{"Keyword":"Storytelling with Data","Count":0,"Domain":"Data Analyst","Category":"Soft"},{"Keyword":"REST","Count":840,"Domain":"Enterprise Systems","Category":"Technical"},{"Keyword":"AWS","Count":607,"Domain":"Enterprise Systems","Category":"Technical"},{"Keyword":"Enterprise","Count":275,"Domain":"Enterprise Systems","Category":"Technical"},{"Keyword":"Python","Count":272,"Domain":"Enterprise Systems","Category":"Technical"},{"Keyword":"SAS","Count":236,"Domain":"Enterprise Systems","Category":"Technical"},{"Keyword":"Java","Count":222,"Domain":"Enterprise Systems","Category":"Technical"},{"Keyword":"SAP","Count":120,"Domain":"Enterprise Systems","Category":"Technical"},{"Keyword":"JavaScript","Count":116,"Domain":"Enterprise Systems","Category":"Technical"},{"Keyword":"Oracle","Count":94,"Domain":"Enterprise Systems","Category":"Technical"},{"Keyword":"C#","Count":93,"Domain":"Enterprise Systems","Category":"Technical"},{"Keyword":"Tableau","Count":87,"Domain":"Enterprise Systems","Category":"Technical"},{"Keyword":"Workday","Count":78,"Domain":"Enterprise Systems","Category":"Technical"},{"Keyword":"Docker","Count":78,"Domain":"Enterprise Systems","Category":"Technical"},{"Keyword":"CI\/CD","Count":75,"Domain":"Enterprise Systems","Category":"Technical"},{"Keyword":"Kubernetes","Count":70,"Domain":"Enterprise Systems","Category":"Technical"},{"Keyword":"CRM","Count":67,"Domain":"Enterprise Systems","Category":"Technical"},{"Keyword":"Power BI","Count":66,"Domain":"Enterprise Systems","Category":"Technical"},{"Keyword":"ETL","Count":59,"Domain":"Enterprise Systems","Category":"Technical"},{"Keyword":"Salesforce","Count":52,"Domain":"Enterprise Systems","Category":"Technical"},{"Keyword":"Jenkins","Count":47,"Domain":"Enterprise Systems","Category":"Technical"},{"Keyword":"MySQL","Count":46,"Domain":"Enterprise Systems","Category":"Technical"},{"Keyword":"Apex","Count":45,"Domain":"Enterprise Systems","Category":"Technical"},{"Keyword":"Web Services","Count":44,"Domain":"Enterprise Systems","Category":"Technical"},{"Keyword":"Redis","Count":40,"Domain":"Enterprise Systems","Category":"Technical"},{"Keyword":"Continuous Integration","Count":37,"Domain":"Enterprise Systems","Category":"Technical"},{"Keyword":"IAM","Count":36,"Domain":"Enterprise Systems","Category":"Technical"},{"Keyword":"TypeScript","Count":35,"Domain":"Enterprise Systems","Category":"Technical"},{"Keyword":"Terraform","Count":31,"Domain":"Enterprise Systems","Category":"Technical"},{"Keyword":"Node.js","Count":30,"Domain":"Enterprise Systems","Category":"Technical"},{"Keyword":"PostgreSQL","Count":30,"Domain":"Enterprise Systems","Category":"Technical"},{"Keyword":"Ansible","Count":29,"Domain":"Enterprise Systems","Category":"Technical"},{"Keyword":"Data Warehousing","Count":29,"Domain":"Enterprise Systems","Category":"Technical"},{"Keyword":"VMware","Count":27,"Domain":"Enterprise Systems","Category":"Technical"},{"Keyword":"Data Modeling","Count":25,"Domain":"Enterprise Systems","Category":"Technical"},{"Keyword":"Microsoft Azure","Count":24,"Domain":"Enterprise Systems","Category":"Technical"},{"Keyword":"Chef","Count":24,"Domain":"Enterprise Systems","Category":"Technical"},{"Keyword":"SIEM","Count":24,"Domain":"Enterprise Systems","Category":"Technical"},{"Keyword":"ITIL","Count":21,"Domain":"Enterprise Systems","Category":"Technical"},{"Keyword":"PowerShell","Count":21,"Domain":"Enterprise Systems","Category":"Technical"},{"Keyword":"Snowflake","Count":20,"Domain":"Enterprise Systems","Category":"Technical"},{"Keyword":"Continuous Deployment","Count":20,"Domain":"Enterprise Systems","Category":"Technical"},{"Keyword":"ServiceNow","Count":18,"Domain":"Enterprise Systems","Category":"Technical"},{"Keyword":"SOAP","Count":18,"Domain":"Enterprise Systems","Category":"Technical"},{"Keyword":"MongoDB","Count":17,"Domain":"Enterprise Systems","Category":"Technical"},{"Keyword":"Active Directory","Count":16,"Domain":"Enterprise Systems","Category":"Technical"},{"Keyword":"GitHub Actions","Count":15,"Domain":"Enterprise Systems","Category":"Technical"},{"Keyword":"PeopleSoft","Count":14,"Domain":"Enterprise Systems","Category":"Technical"},{"Keyword":"Microsoft Dynamics","Count":12,"Domain":"Enterprise Systems","Category":"Technical"},{"Keyword":"Business Systems","Count":12,"Domain":"Enterprise Systems","Category":"Technical"},{"Keyword":"Enterprise Architect","Count":12,"Domain":"Enterprise Systems","Category":"Technical"},{"Keyword":"IT Operations","Count":11,"Domain":"Enterprise Systems","Category":"Technical"},{"Keyword":"Google Cloud Platform","Count":11,"Domain":"Enterprise Systems","Category":"Technical"},{"Keyword":"Hybrid Cloud","Count":10,"Domain":"Enterprise Systems","Category":"Technical"},{"Keyword":"NetSuite","Count":9,"Domain":"Enterprise Systems","Category":"Technical"},{"Keyword":"GraphQL","Count":9,"Domain":"Enterprise Systems","Category":"Technical"},{"Keyword":"Process Automation","Count":9,"Domain":"Enterprise Systems","Category":"Technical"},{"Keyword":"Monitoring Tools","Count":9,"Domain":"Enterprise Systems","Category":"Technical"},{"Keyword":"Enterprise Solutions","Count":8,"Domain":"Enterprise Systems","Category":"Technical"},{"Keyword":"DB2","Count":8,"Domain":"Enterprise Systems","Category":"Technical"},{"Keyword":"QlikView","Count":8,"Domain":"Enterprise Systems","Category":"Technical"},{"Keyword":"Looker","Count":8,"Domain":"Enterprise Systems","Category":"Technical"},{"Keyword":"System Analyst","Count":7,"Domain":"Enterprise Systems","Category":"Technical"},{"Keyword":"BigQuery","Count":7,"Domain":"Enterprise Systems","Category":"Technical"},{"Keyword":"OpenShift","Count":7,"Domain":"Enterprise Systems","Category":"Technical"},{"Keyword":"Business Applications","Count":6,"Domain":"Enterprise Systems","Category":"Technical"},{"Keyword":"TOGAF","Count":6,"Domain":"Enterprise Systems","Category":"Technical"},{"Keyword":"Puppet","Count":4,"Domain":"Enterprise Systems","Category":"Technical"},{"Keyword":"OLAP","Count":4,"Domain":"Enterprise Systems","Category":"Technical"},{"Keyword":"IT Consultant","Count":4,"Domain":"Enterprise Systems","Category":"Technical"},{"Keyword":"Enterprise Integration","Count":4,"Domain":"Enterprise Systems","Category":"Technical"},{"Keyword":"Nagios","Count":4,"Domain":"Enterprise Systems","Category":"Technical"},{"Keyword":".NET Framework","Count":4,"Domain":"Enterprise Systems","Category":"Technical"},{"Keyword":"ISO 27001","Count":4,"Domain":"Enterprise Systems","Category":"Technical"},{"Keyword":"RabbitMQ","Count":4,"Domain":"Enterprise Systems","Category":"Technical"},{"Keyword":"Bash Scripting","Count":3,"Domain":"Enterprise Systems","Category":"Technical"},{"Keyword":"API Management","Count":3,"Domain":"Enterprise Systems","Category":"Technical"},{"Keyword":"MuleSoft","Count":3,"Domain":"Enterprise Systems","Category":"Technical"},{"Keyword":"Oracle Database","Count":2,"Domain":"Enterprise Systems","Category":"Technical"},{"Keyword":"Tibco","Count":2,"Domain":"Enterprise Systems","Category":"Technical"},{"Keyword":"GDPR Compliance","Count":2,"Domain":"Enterprise Systems","Category":"Technical"},{"Keyword":"Apache Kafka","Count":2,"Domain":"Enterprise Systems","Category":"Technical"},{"Keyword":"Teradata","Count":1,"Domain":"Enterprise Systems","Category":"Technical"},{"Keyword":"Splunk","Count":1,"Domain":"Enterprise Systems","Category":"Technical"},{"Keyword":"Oracle ERP","Count":1,"Domain":"Enterprise Systems","Category":"Technical"},{"Keyword":"Infor ERP","Count":1,"Domain":"Enterprise Systems","Category":"Technical"},{"Keyword":"ExcelSQL","Count":0,"Domain":"Enterprise Systems","Category":"Technical"},{"Keyword":"JD Edwards","Count":0,"Domain":"Enterprise Systems","Category":"Technical"},{"Keyword":"Cognos Analytics","Count":0,"Domain":"Enterprise Systems","Category":"Technical"},{"Keyword":"Enterprise Engineer","Count":0,"Domain":"Enterprise Systems","Category":"Technical"},{"Keyword":"SAP BusinessObjects","Count":0,"Domain":"Enterprise Systems","Category":"Technical"},{"Keyword":"Epicor ERP","Count":0,"Domain":"Enterprise Systems","Category":"Technical"},{"Keyword":"Identity and Access Management","Count":0,"Domain":"Enterprise Systems","Category":"Technical"},{"Keyword":"FinanceSQL Server","Count":0,"Domain":"Enterprise Systems","Category":"Technical"},{"Keyword":"SOC 2 Compliance","Count":0,"Domain":"Enterprise Systems","Category":"Technical"},{"Keyword":"Zachman FrameworkERP","Count":0,"Domain":"Enterprise Systems","Category":"Technical"},{"Keyword":"COBIT","Count":0,"Domain":"Enterprise Systems","Category":"Technical"},{"Keyword":"NIST Framework","Count":0,"Domain":"Enterprise Systems","Category":"Technical"},{"Keyword":"New Relic","Count":0,"Domain":"Enterprise Systems","Category":"Technical"},{"Keyword":"Online Analytical Processing","Count":0,"Domain":"Enterprise Systems","Category":"Technical"},{"Keyword":"IBM WebSphere","Count":0,"Domain":"Enterprise Systems","Category":"Technical"},{"Keyword":"Security Information and Event Management","Count":0,"Domain":"Enterprise Systems","Category":"Technical"},{"Keyword":"Communication","Count":1366,"Domain":"Enterprise Systems","Category":"Soft"},{"Keyword":"Flexible","Count":817,"Domain":"Enterprise Systems","Category":"Soft"},{"Keyword":"Leadership","Count":625,"Domain":"Enterprise Systems","Category":"Soft"},{"Keyword":"Innovative","Count":537,"Domain":"Enterprise Systems","Category":"Soft"},{"Keyword":"Collaboration","Count":436,"Domain":"Enterprise Systems","Category":"Soft"},{"Keyword":"Driven","Count":401,"Domain":"Enterprise Systems","Category":"Soft"},{"Keyword":"Attention to Detail","Count":343,"Domain":"Enterprise Systems","Category":"Soft"},{"Keyword":"Presentation","Count":323,"Domain":"Enterprise Systems","Category":"Soft"},{"Keyword":"Project Management","Count":292,"Domain":"Enterprise Systems","Category":"Soft"},{"Keyword":"Problem-Solving","Count":286,"Domain":"Enterprise Systems","Category":"Soft"},{"Keyword":"Creative","Count":279,"Domain":"Enterprise Systems","Category":"Soft"},{"Keyword":"Visual","Count":277,"Domain":"Enterprise Systems","Category":"Soft"},{"Keyword":"Flexibility","Count":267,"Domain":"Enterprise Systems","Category":"Soft"},{"Keyword":"Determined","Count":250,"Domain":"Enterprise Systems","Category":"Soft"},{"Keyword":"Teamwork","Count":148,"Domain":"Enterprise Systems","Category":"Soft"},{"Keyword":"Problem Solving","Count":140,"Domain":"Enterprise Systems","Category":"Soft"},{"Keyword":"Decision-Making","Count":118,"Domain":"Enterprise Systems","Category":"Soft"},{"Keyword":"Time Management","Count":103,"Domain":"Enterprise Systems","Category":"Soft"},{"Keyword":"Creativity","Count":97,"Domain":"Enterprise Systems","Category":"Soft"},{"Keyword":"Self-Motivated","Count":72,"Domain":"Enterprise Systems","Category":"Soft"},{"Keyword":"Change Management","Count":44,"Domain":"Enterprise Systems","Category":"Soft"},{"Keyword":"Storytelling","Count":34,"Domain":"Enterprise Systems","Category":"Soft"},{"Keyword":"Stakeholder Management","Count":17,"Domain":"Enterprise Systems","Category":"Soft"},{"Keyword":"Self Motivated","Count":15,"Domain":"Enterprise Systems","Category":"Soft"},{"Keyword":"Conflict Resolution","Count":13,"Domain":"Enterprise Systems","Category":"Soft"},{"Keyword":"Visionary","Count":8,"Domain":"Enterprise Systems","Category":"Soft"},{"Keyword":"Systems Thinking","Count":2,"Domain":"Enterprise Systems","Category":"Soft"},{"Keyword":"Documentation & Reporting","Count":0,"Domain":"Enterprise Systems","Category":"Soft"},{"Keyword":"Business Process Understanding","Count":0,"Domain":"Enterprise Systems","Category":"Soft"},{"Keyword":"Communication & Collaboration","Count":0,"Domain":"Enterprise Systems","Category":"Soft"},{"Keyword":"IT Governance & Compliance Awareness","Count":0,"Domain":"Enterprise Systems","Category":"Soft"},{"Keyword":"Adaptability to Change (New ERPs & Software)","Count":0,"Domain":"Enterprise Systems","Category":"Soft"},{"Keyword":"C","Count":2571,"Domain":"System and Security","Category":"Technical"},{"Keyword":"Go","Count":1871,"Domain":"System and Security","Category":"Technical"},{"Keyword":"IPS","Count":684,"Domain":"System and Security","Category":"Technical"},{"Keyword":"NIST","Count":614,"Domain":"System and Security","Category":"Technical"},{"Keyword":"Security","Count":586,"Domain":"System and Security","Category":"Technical"},{"Keyword":"Compliance","Count":539,"Domain":"System and Security","Category":"Technical"},{"Keyword":"Rust","Count":415,"Domain":"System and Security","Category":"Technical"},{"Keyword":"Python","Count":272,"Domain":"System and Security","Category":"Technical"},{"Keyword":"RSA","Count":148,"Domain":"System and Security","Category":"Technical"},{"Keyword":"IDS","Count":121,"Domain":"System and Security","Category":"Technical"},{"Keyword":"JavaScript","Count":116,"Domain":"System and Security","Category":"Technical"},{"Keyword":"C++","Count":109,"Domain":"System and Security","Category":"Technical"},{"Keyword":"Cybersecurity","Count":79,"Domain":"System and Security","Category":"Technical"},{"Keyword":"CEH","Count":77,"Domain":"System and Security","Category":"Technical"},{"Keyword":"Code Review","Count":70,"Domain":"System and Security","Category":"Technical"},{"Keyword":"Risk Management","Count":61,"Domain":"System and Security","Category":"Technical"},{"Keyword":"Risk Assessment","Count":41,"Domain":"System and Security","Category":"Technical"},{"Keyword":"IAM","Count":36,"Domain":"System and Security","Category":"Technical"},{"Keyword":"Bash","Count":32,"Domain":"System and Security","Category":"Technical"},{"Keyword":"HIPAA","Count":27,"Domain":"System and Security","Category":"Technical"},{"Keyword":"DevSecOps","Count":26,"Domain":"System and Security","Category":"Technical"},{"Keyword":"Incident Response","Count":26,"Domain":"System and Security","Category":"Technical"},{"Keyword":"Firewall","Count":25,"Domain":"System and Security","Category":"Technical"},{"Keyword":"SIEM","Count":24,"Domain":"System and Security","Category":"Technical"},{"Keyword":"PowerShell","Count":21,"Domain":"System and Security","Category":"Technical"},{"Keyword":"Data Protection","Count":21,"Domain":"System and Security","Category":"Technical"},{"Keyword":"Active Directory","Count":16,"Domain":"System and Security","Category":"Technical"},{"Keyword":"Information Security","Count":15,"Domain":"System and Security","Category":"Technical"},{"Keyword":"CISM","Count":15,"Domain":"System and Security","Category":"Technical"},{"Keyword":"Encryption","Count":12,"Domain":"System and Security","Category":"Technical"},{"Keyword":"VPN","Count":11,"Domain":"System and Security","Category":"Technical"},{"Keyword":"GDPR","Count":11,"Domain":"System and Security","Category":"Technical"},{"Keyword":"CISA","Count":11,"Domain":"System and Security","Category":"Technical"},{"Keyword":"Vulnerability","Count":11,"Domain":"System and Security","Category":"Technical"},{"Keyword":"Vault","Count":10,"Domain":"System and Security","Category":"Technical"},{"Keyword":"AES","Count":10,"Domain":"System and Security","Category":"Technical"},{"Keyword":"Network Security","Count":10,"Domain":"System and Security","Category":"Technical"},{"Keyword":"CISSP","Count":9,"Domain":"System and Security","Category":"Technical"},{"Keyword":"Infrastructure as Code (IaC)","Count":8,"Domain":"System and Security","Category":"Technical"},{"Keyword":"Zero Trust","Count":8,"Domain":"System and Security","Category":"Technical"},{"Keyword":"Malware Analysis","Count":7,"Domain":"System and Security","Category":"Technical"},{"Keyword":"OAuth","Count":6,"Domain":"System and Security","Category":"Technical"},{"Keyword":"Cloud Security","Count":6,"Domain":"System and Security","Category":"Technical"},{"Keyword":"SAML","Count":5,"Domain":"System and Security","Category":"Technical"},{"Keyword":"CASB","Count":5,"Domain":"System and Security","Category":"Technical"},{"Keyword":"CCSP","Count":5,"Domain":"System and Security","Category":"Technical"},{"Keyword":"OSINT","Count":5,"Domain":"System and Security","Category":"Technical"},{"Keyword":"IPSec","Count":5,"Domain":"System and Security","Category":"Technical"},{"Keyword":"LDAP","Count":5,"Domain":"System and Security","Category":"Technical"},{"Keyword":"OWASP","Count":4,"Domain":"System and Security","Category":"Technical"},{"Keyword":"Threat Hunting","Count":4,"Domain":"System and Security","Category":"Technical"},{"Keyword":"Penetration Testing","Count":4,"Domain":"System and Security","Category":"Technical"},{"Keyword":"ISO 27001","Count":4,"Domain":"System and Security","Category":"Technical"},{"Keyword":"SOC 2","Count":4,"Domain":"System and Security","Category":"Technical"},{"Keyword":"Load Balancer","Count":3,"Domain":"System and Security","Category":"Technical"},{"Keyword":"Forensics","Count":3,"Domain":"System and Security","Category":"Technical"},{"Keyword":"Reverse Engineering","Count":3,"Domain":"System and Security","Category":"Technical"},{"Keyword":"ELK Stack","Count":3,"Domain":"System and Security","Category":"Technical"},{"Keyword":"Threat Modeling","Count":3,"Domain":"System and Security","Category":"Technical"},{"Keyword":"Responder","Count":3,"Domain":"System and Security","Category":"Technical"},{"Keyword":"FISMA","Count":2,"Domain":"System and Security","Category":"Technical"},{"Keyword":"Azure Security","Count":2,"Domain":"System and Security","Category":"Technical"},{"Keyword":"SSL\/TLS","Count":2,"Domain":"System and Security","Category":"Technical"},{"Keyword":"Cryptography","Count":2,"Domain":"System and Security","Category":"Technical"},{"Keyword":"FedRAMP","Count":2,"Domain":"System and Security","Category":"Technical"},{"Keyword":"Nmap","Count":2,"Domain":"System and Security","Category":"Technical"},{"Keyword":"Threat Intelligence","Count":2,"Domain":"System and Security","Category":"Technical"},{"Keyword":"System Security","Count":2,"Domain":"System and Security","Category":"Technical"},{"Keyword":"Secure Coding","Count":2,"Domain":"System and Security","Category":"Technical"},{"Keyword":"CompTIA Security+","Count":1,"Domain":"System and Security","Category":"Technical"},{"Keyword":"Log Analysis","Count":1,"Domain":"System and Security","Category":"Technical"},{"Keyword":"Ethical Hacking","Count":1,"Domain":"System and Security","Category":"Technical"},{"Keyword":"Network Forensics","Count":1,"Domain":"System and Security","Category":"Technical"},{"Keyword":"802.1X","Count":1,"Domain":"System and Security","Category":"Technical"},{"Keyword":"Wireshark","Count":1,"Domain":"System and Security","Category":"Technical"},{"Keyword":"Vulnerability Assessment","Count":1,"Domain":"System and Security","Category":"Technical"},{"Keyword":"Public Key Infrastructure (PKI)","Count":1,"Domain":"System and Security","Category":"Technical"},{"Keyword":"Threat Analysis","Count":1,"Domain":"System and Security","Category":"Technical"},{"Keyword":"PCI DSS","Count":1,"Domain":"System and Security","Category":"Technical"},{"Keyword":"Proxy Server","Count":1,"Domain":"System and Security","Category":"Technical"},{"Keyword":"SOC Analyst","Count":1,"Domain":"System and Security","Category":"Technical"},{"Keyword":"HashiCorp Vault","Count":1,"Domain":"System and Security","Category":"Technical"},{"Keyword":"Splunk","Count":1,"Domain":"System and Security","Category":"Technical"},{"Keyword":"Memory Forensics","Count":1,"Domain":"System and Security","Category":"Technical"},{"Keyword":"Forensic Analysis","Count":1,"Domain":"System and Security","Category":"Technical"},{"Keyword":"Multi-Factor Authentication (MFA)","Count":1,"Domain":"System and Security","Category":"Technical"},{"Keyword":"Kerberos","Count":1,"Domain":"System and Security","Category":"Technical"},{"Keyword":"Sophos","Count":1,"Domain":"System and Security","Category":"Technical"},{"Keyword":"Norton","Count":1,"Domain":"System and Security","Category":"Technical"},{"Keyword":"Mobile Device Management (MDM)","Count":1,"Domain":"System and Security","Category":"Technical"},{"Keyword":"Symantec","Count":1,"Domain":"System and Security","Category":"Technical"},{"Keyword":"Software Composition Analysis (SCA)","Count":0,"Domain":"System and Security","Category":"Technical"},{"Keyword":"CIS Controls","Count":0,"Domain":"System and Security","Category":"Technical"},{"Keyword":"COBIT","Count":0,"Domain":"System and Security","Category":"Technical"},{"Keyword":"Secure SDLC","Count":0,"Domain":"System and Security","Category":"Technical"},{"Keyword":"Identity and Access Management (IAM)","Count":0,"Domain":"System and Security","Category":"Technical"},{"Keyword":"BloodHound","Count":0,"Domain":"System and Security","Category":"Technical"},{"Keyword":"Hashcat","Count":0,"Domain":"System and Security","Category":"Technical"},{"Keyword":"John the Ripper","Count":0,"Domain":"System and Security","Category":"Technical"},{"Keyword":"Maltego","Count":0,"Domain":"System and Security","Category":"Technical"},{"Keyword":"Shodan","Count":0,"Domain":"System and Security","Category":"Technical"},{"Keyword":"Digital Forensics","Count":0,"Domain":"System and Security","Category":"Technical"},{"Keyword":"Snort","Count":0,"Domain":"System and Security","Category":"Technical"},{"Keyword":"Dynamic Code Analysis","Count":0,"Domain":"System and Security","Category":"Technical"},{"Keyword":"OpenVAS","Count":0,"Domain":"System and Security","Category":"Technical"},{"Keyword":"Nikto","Count":0,"Domain":"System and Security","Category":"Technical"},{"Keyword":"Aircrack-ng","Count":0,"Domain":"System and Security","Category":"Technical"},{"Keyword":"Kali Linux","Count":0,"Domain":"System and Security","Category":"Technical"},{"Keyword":"Metasploit","Count":0,"Domain":"System and Security","Category":"Technical"},{"Keyword":"API Security","Count":0,"Domain":"System and Security","Category":"Technical"},{"Keyword":"Burp Suite","Count":0,"Domain":"System and Security","Category":"Technical"},{"Keyword":"YARA Rules","Count":0,"Domain":"System and Security","Category":"Technical"},{"Keyword":"OSCP","Count":0,"Domain":"System and Security","Category":"Technical"},{"Keyword":"CompTIA CASP+","Count":0,"Domain":"System and Security","Category":"Technical"},{"Keyword":"CompTIA CySA+","Count":0,"Domain":"System and Security","Category":"Technical"},{"Keyword":"Threat Feeds","Count":0,"Domain":"System and Security","Category":"Technical"},{"Keyword":"Privileged Access Management (PAM)","Count":0,"Domain":"System and Security","Category":"Technical"},{"Keyword":"Kubernetes Security","Count":0,"Domain":"System and Security","Category":"Technical"},{"Keyword":"Container Security","Count":0,"Domain":"System and Security","Category":"Technical"},{"Keyword":"IT Auditor","Count":0,"Domain":"System and Security","Category":"Technical"},{"Keyword":"Cloud Access Security Broker","Count":0,"Domain":"System and Security","Category":"Technical"},{"Keyword":"Security Risk Management","Count":0,"Domain":"System and Security","Category":"Technical"},{"Keyword":"Cloud Workload Protection","Count":0,"Domain":"System and Security","Category":"Technical"},{"Keyword":"Zero Trust Architecture","Count":0,"Domain":"System and Security","Category":"Technical"},{"Keyword":"Federated Identity Management","Count":0,"Domain":"System and Security","Category":"Technical"},{"Keyword":"Zero Trust Security","Count":0,"Domain":"System and Security","Category":"Technical"},{"Keyword":"Security Awareness Training","Count":0,"Domain":"System and Security","Category":"Technical"},{"Keyword":"Google Cloud Security EngineerCybersecurity","Count":0,"Domain":"System and Security","Category":"Technical"},{"Keyword":"Azure Security Engineer Associate","Count":0,"Domain":"System and Security","Category":"Technical"},{"Keyword":"AWS Certified Security Specialty","Count":0,"Domain":"System and Security","Category":"Technical"},{"Keyword":"Web Application Security","Count":0,"Domain":"System and Security","Category":"Technical"},{"Keyword":"Static Code Analysis","Count":0,"Domain":"System and Security","Category":"Technical"},{"Keyword":"GIAC","Count":0,"Domain":"System and Security","Category":"Technical"},{"Keyword":"GSEC","Count":0,"Domain":"System and Security","Category":"Technical"},{"Keyword":"CompTIA PenTest+","Count":0,"Domain":"System and Security","Category":"Technical"},{"Keyword":"Indicator of Compromise (IOC)","Count":0,"Domain":"System and Security","Category":"Technical"},{"Keyword":"Graylog","Count":0,"Domain":"System and Security","Category":"Technical"},{"Keyword":"Threat Intelligence Platforms","Count":0,"Domain":"System and Security","Category":"Technical"},{"Keyword":"Antivirus","Count":0,"Domain":"System and Security","Category":"Technical"},{"Keyword":"Exploit Development","Count":0,"Domain":"System and Security","Category":"Technical"},{"Keyword":"Network Segmentation","Count":0,"Domain":"System and Security","Category":"Technical"},{"Keyword":"BitLocker","Count":0,"Domain":"System and Security","Category":"Technical"},{"Keyword":"SQL Injection Prevention","Count":0,"Domain":"System and Security","Category":"Technical"},{"Keyword":"Microsoft Defender","Count":0,"Domain":"System and Security","Category":"Technical"},{"Keyword":"CrowdStrike","Count":0,"Domain":"System and Security","Category":"Technical"},{"Keyword":"Packet Analysis","Count":0,"Domain":"System and Security","Category":"Technical"},{"Keyword":"Carbon Black","Count":0,"Domain":"System and Security","Category":"Technical"},{"Keyword":"McAfee","Count":0,"Domain":"System and Security","Category":"Technical"},{"Keyword":"Security Information and Event Management","Count":0,"Domain":"System and Security","Category":"Technical"},{"Keyword":"AWS Security","Count":0,"Domain":"System and Security","Category":"Technical"},{"Keyword":"Blue Teaming","Count":0,"Domain":"System and Security","Category":"Technical"},{"Keyword":"Red Teaming","Count":0,"Domain":"System and Security","Category":"Technical"},{"Keyword":"Purple Teaming","Count":0,"Domain":"System and Security","Category":"Technical"},{"Keyword":"Cyber Kill Chain","Count":0,"Domain":"System and Security","Category":"Technical"},{"Keyword":"MITRE ATT&CK Framework","Count":0,"Domain":"System and Security","Category":"Technical"},{"Keyword":"Security Orchestration, Automation, and Response (SOAR)","Count":0,"Domain":"System and Security","Category":"Technical"},{"Keyword":"Google Cloud Security","Count":0,"Domain":"System and Security","Category":"Technical"},{"Keyword":"SIEM Investigation","Count":0,"Domain":"System and Security","Category":"Technical"},{"Keyword":"EDR Solutions","Count":0,"Domain":"System and Security","Category":"Technical"},{"Keyword":"DDoS Mitigation","Count":0,"Domain":"System and Security","Category":"Technical"},{"Keyword":"Disk Forensics","Count":0,"Domain":"System and Security","Category":"Technical"},{"Keyword":"TLS Certificates","Count":0,"Domain":"System and Security","Category":"Technical"},{"Keyword":"AlienVault","Count":0,"Domain":"System and Security","Category":"Technical"},{"Keyword":"Microsoft Sentinel","Count":0,"Domain":"System and Security","Category":"Technical"},{"Keyword":"LogRhythm","Count":0,"Domain":"System and Security","Category":"Technical"},{"Keyword":"QRadar","Count":0,"Domain":"System and Security","Category":"Technical"},{"Keyword":"Cloud Security Posture Management (CSPM)","Count":0,"Domain":"System and Security","Category":"Technical"},{"Keyword":"Bug Bounty Programs","Count":0,"Domain":"System and Security","Category":"Technical"},{"Keyword":"Endpoint Detection and Response (EDR)","Count":0,"Domain":"System and Security","Category":"Technical"},{"Keyword":"Extended Detection and Response (XDR)","Count":0,"Domain":"System and Security","Category":"Technical"},{"Keyword":"Secrets Management","Count":0,"Domain":"System and Security","Category":"Technical"},{"Keyword":"Docker Security","Count":0,"Domain":"System and Security","Category":"Technical"},{"Keyword":"Ansible Security","Count":0,"Domain":"System and Security","Category":"Technical"},{"Keyword":"Terraform Security","Count":0,"Domain":"System and Security","Category":"Technical"},{"Keyword":"Security Auditing","Count":0,"Domain":"System and Security","Category":"Technical"},{"Keyword":"CI\/CD Security","Count":0,"Domain":"System and Security","Category":"Technical"},{"Keyword":"Quantum Cryptography","Count":0,"Domain":"System and Security","Category":"Technical"},{"Keyword":"Homomorphic Encryption","Count":0,"Domain":"System and Security","Category":"Technical"},{"Keyword":"Elliptic Curve Cryptography (ECC)","Count":0,"Domain":"System and Security","Category":"Technical"},{"Keyword":"Single Sign-On (SSO)","Count":0,"Domain":"System and Security","Category":"Technical"},{"Keyword":"Hashing","Count":0,"Domain":"System and Security","Category":"Technical"},{"Keyword":"Endpoint Security","Count":0,"Domain":"System and Security","Category":"Technical"},{"Keyword":"Communication","Count":1366,"Domain":"System and Security","Category":"Soft"},{"Keyword":"Leadership","Count":625,"Domain":"System and Security","Category":"Soft"},{"Keyword":"Innovative","Count":537,"Domain":"System and Security","Category":"Soft"},{"Keyword":"Collaboration","Count":436,"Domain":"System and Security","Category":"Soft"},{"Keyword":"Attention to Detail","Count":343,"Domain":"System and Security","Category":"Soft"},{"Keyword":"Integrity","Count":302,"Domain":"System and Security","Category":"Soft"},{"Keyword":"Problem-Solving","Count":286,"Domain":"System and Security","Category":"Soft"},{"Keyword":"Flexibility","Count":267,"Domain":"System and Security","Category":"Soft"},{"Keyword":"Problem Solving","Count":140,"Domain":"System and Security","Category":"Soft"},{"Keyword":"Awareness","Count":123,"Domain":"System and Security","Category":"Soft"},{"Keyword":"Ethical","Count":92,"Domain":"System and Security","Category":"Soft"},{"Keyword":"Honest","Count":83,"Domain":"System and Security","Category":"Soft"},{"Keyword":"Critical Thinking","Count":59,"Domain":"System and Security","Category":"Soft"},{"Keyword":"Adaptability","Count":41,"Domain":"System and Security","Category":"Soft"},{"Keyword":"Risk Assessment","Count":41,"Domain":"System and Security","Category":"Soft"},{"Keyword":"Honesty","Count":39,"Domain":"System and Security","Category":"Soft"},{"Keyword":"Works well under pressure","Count":2,"Domain":"System and Security","Category":"Soft"},{"Keyword":"Awareness of Compliance & Regulations","Count":0,"Domain":"System and Security","Category":"Soft"},{"Keyword":"Risk Assessment & Decision-Making","Count":0,"Domain":"System and Security","Category":"Soft"},{"Keyword":"Confidentiality & Discretion","Count":0,"Domain":"System and Security","Category":"Soft"},{"Keyword":"Documentation & Reporting","Count":0,"Domain":"System and Security","Category":"Soft"},{"Keyword":"Continuous Learning & Curiosity","Count":0,"Domain":"System and Security","Category":"Soft"},{"Keyword":"Incident Response Under Pressure","Count":0,"Domain":"System and Security","Category":"Soft"},{"Keyword":"Teamwork & Collaboration","Count":0,"Domain":"System and Security","Category":"Soft"},{"Keyword":"Resilience (Handling Incidents & Breaches)","Count":0,"Domain":"System and Security","Category":"Soft"},{"Keyword":"Adaptability (Handling New Threats)","Count":0,"Domain":"System and Security","Category":"Soft"},{"Keyword":"Communication (Explaining Security Risks Clearly)","Count":0,"Domain":"System and Security","Category":"Soft"},{"Keyword":"Ethical Judgment & Integrity","Count":0,"Domain":"System and Security","Category":"Soft"},{"Keyword":"UI","Count":2483,"Domain":"Digital Media","Category":"Technical"},{"Keyword":"Design","Count":1120,"Domain":"Digital Media","Category":"Technical"},{"Keyword":"SEM","Count":745,"Domain":"Digital Media","Category":"Technical"},{"Keyword":"Marketing","Count":278,"Domain":"Digital Media","Category":"Technical"},{"Keyword":"UX","Count":275,"Domain":"Digital Media","Category":"Technical"},{"Keyword":"JavaScript","Count":116,"Domain":"Digital Media","Category":"Technical"},{"Keyword":"Tableau","Count":87,"Domain":"Digital Media","Category":"Technical"},{"Keyword":"Social Media","Count":85,"Domain":"Digital Media","Category":"Technical"},{"Keyword":"HTML","Count":77,"Domain":"Digital Media","Category":"Technical"},{"Keyword":"Data Visualization","Count":66,"Domain":"Digital Media","Category":"Technical"},{"Keyword":"CSS","Count":60,"Domain":"Digital Media","Category":"Technical"},{"Keyword":"Adobe","Count":46,"Domain":"Digital Media","Category":"Technical"},{"Keyword":"User Experience","Count":38,"Domain":"Digital Media","Category":"Technical"},{"Keyword":"Storytelling","Count":34,"Domain":"Digital Media","Category":"Technical"},{"Keyword":"SEO","Count":32,"Domain":"Digital Media","Category":"Technical"},{"Keyword":"Creative Director","Count":29,"Domain":"Digital Media","Category":"Technical"},{"Keyword":"E-commerce","Count":28,"Domain":"Digital Media","Category":"Technical"},{"Keyword":"Digital Marketing","Count":25,"Domain":"Digital Media","Category":"Technical"},{"Keyword":"NFTs","Count":22,"Domain":"Digital Media","Category":"Technical"},{"Keyword":"Technical Writing","Count":19,"Domain":"Digital Media","Category":"Technical"},{"Keyword":"Google Analytics","Count":19,"Domain":"Digital Media","Category":"Technical"},{"Keyword":"Animation","Count":15,"Domain":"Digital Media","Category":"Technical"},{"Keyword":"Marketing Strategy","Count":15,"Domain":"Digital Media","Category":"Technical"},{"Keyword":"Content Creator","Count":15,"Domain":"Digital Media","Category":"Technical"},{"Keyword":"Sketch","Count":13,"Domain":"Digital Media","Category":"Technical"},{"Keyword":"Canva","Count":11,"Domain":"Digital Media","Category":"Technical"},{"Keyword":"Interactive Media","Count":11,"Domain":"Digital Media","Category":"Technical"},{"Keyword":"UI\/UX Design","Count":11,"Domain":"Digital Media","Category":"Technical"},{"Keyword":"Adobe Analytics","Count":10,"Domain":"Digital Media","Category":"Technical"},{"Keyword":"Figma","Count":10,"Domain":"Digital Media","Category":"Technical"},{"Keyword":"Branding","Count":10,"Domain":"Digital Media","Category":"Technical"},{"Keyword":"Google Ads","Count":9,"Domain":"Digital Media","Category":"Technical"},{"Keyword":"Graphic Design","Count":9,"Domain":"Digital Media","Category":"Technical"},{"Keyword":"A\/B Testing","Count":8,"Domain":"Digital Media","Category":"Technical"},{"Keyword":"WordPress","Count":8,"Domain":"Digital Media","Category":"Technical"},{"Keyword":"Looker","Count":8,"Domain":"Digital Media","Category":"Technical"},{"Keyword":"Visual Communication","Count":7,"Domain":"Digital Media","Category":"Technical"},{"Keyword":"Content Creation","Count":7,"Domain":"Digital Media","Category":"Technical"},{"Keyword":"Web Design","Count":6,"Domain":"Digital Media","Category":"Technical"},{"Keyword":"UX\/UI Designer","Count":6,"Domain":"Digital Media","Category":"Technical"},{"Keyword":"Email Marketing","Count":6,"Domain":"Digital Media","Category":"Technical"},{"Keyword":"Infographics","Count":6,"Domain":"Digital Media","Category":"Technical"},{"Keyword":"Responsive Design","Count":5,"Domain":"Digital Media","Category":"Technical"},{"Keyword":"Graphic Designer","Count":5,"Domain":"Digital Media","Category":"Technical"},{"Keyword":"Lead Generation","Count":5,"Domain":"Digital Media","Category":"Technical"},{"Keyword":"HubSpot","Count":4,"Domain":"Digital Media","Category":"Technical"},{"Keyword":"Multimedia","Count":4,"Domain":"Digital Media","Category":"Technical"},{"Keyword":"Visual Design","Count":4,"Domain":"Digital Media","Category":"Technical"},{"Keyword":"Campaign Management","Count":4,"Domain":"Digital Media","Category":"Technical"},{"Keyword":"Marketing Automation","Count":4,"Domain":"Digital Media","Category":"Technical"},{"Keyword":"Influencer","Count":4,"Domain":"Digital Media","Category":"Technical"},{"Keyword":"Shopify","Count":4,"Domain":"Digital Media","Category":"Technical"},{"Keyword":"User Engagement","Count":4,"Domain":"Digital Media","Category":"Technical"},{"Keyword":"Sound Design","Count":3,"Domain":"Digital Media","Category":"Technical"},{"Keyword":"Metaverse","Count":3,"Domain":"Digital Media","Category":"Technical"},{"Keyword":"UX Research","Count":3,"Domain":"Digital Media","Category":"Technical"},{"Keyword":"VFX","Count":3,"Domain":"Digital Media","Category":"Technical"},{"Keyword":"Buffer","Count":2,"Domain":"Digital Media","Category":"Technical"},{"Keyword":"Typography","Count":2,"Domain":"Digital Media","Category":"Technical"},{"Keyword":"Google Tag Manager","Count":2,"Domain":"Digital Media","Category":"Technical"},{"Keyword":"Adobe Illustrator","Count":2,"Domain":"Digital Media","Category":"Technical"},{"Keyword":"Adobe Photoshop","Count":2,"Domain":"Digital Media","Category":"Technical"},{"Keyword":"Adobe InDesign","Count":1,"Domain":"Digital Media","Category":"Technical"},{"Keyword":"Restream","Count":1,"Domain":"Digital Media","Category":"Technical"},{"Keyword":"Chatbots","Count":1,"Domain":"Digital Media","Category":"Technical"},{"Keyword":"Final Cut Pro","Count":1,"Domain":"Digital Media","Category":"Technical"},{"Keyword":"Influencer Marketing","Count":1,"Domain":"Digital Media","Category":"Technical"},{"Keyword":"Copywriting","Count":1,"Domain":"Digital Media","Category":"Technical"},{"Keyword":"Voiceover","Count":1,"Domain":"Digital Media","Category":"Technical"},{"Keyword":"Video Editing","Count":1,"Domain":"Digital Media","Category":"Technical"},{"Keyword":"Content Marketing","Count":1,"Domain":"Digital Media","Category":"Technical"},{"Keyword":"Hootsuite","Count":1,"Domain":"Digital Media","Category":"Technical"},{"Keyword":"Klaviyo","Count":1,"Domain":"Digital Media","Category":"Technical"},{"Keyword":"Content Strategy","Count":1,"Domain":"Digital Media","Category":"Technical"},{"Keyword":"Social Media Strategy","Count":1,"Domain":"Digital Media","Category":"Technical"},{"Keyword":"Creative Direction","Count":1,"Domain":"Digital Media","Category":"Technical"},{"Keyword":"Google Data Studio","Count":1,"Domain":"Digital Media","Category":"Technical"},{"Keyword":"Video Production","Count":1,"Domain":"Digital Media","Category":"Technical"},{"Keyword":"Blogging","Count":0,"Domain":"Digital Media","Category":"Technical"},{"Keyword":"Motion Graphics","Count":0,"Domain":"Digital Media","Category":"Technical"},{"Keyword":"Adobe After Effects","Count":0,"Domain":"Digital Media","Category":"Technical"},{"Keyword":"Art Direction","Count":0,"Domain":"Digital Media","Category":"Technical"},{"Keyword":"Brand Identity","Count":0,"Domain":"Digital Media","Category":"Technical"},{"Keyword":"Brand Storytelling","Count":0,"Domain":"Digital Media","Category":"Technical"},{"Keyword":"Live Video Editing","Count":0,"Domain":"Digital Media","Category":"Technical"},{"Keyword":"Webinar Hosting","Count":0,"Domain":"Digital Media","Category":"Technical"},{"Keyword":"Virtual Events","Count":0,"Domain":"Digital Media","Category":"Technical"},{"Keyword":"Multimedia Production","Count":0,"Domain":"Digital Media","Category":"Technical"},{"Keyword":"AI-Generated Content","Count":0,"Domain":"Digital Media","Category":"Technical"},{"Keyword":"Augmented Reality (AR)","Count":0,"Domain":"Digital Media","Category":"Technical"},{"Keyword":"Virtual Reality (VR)","Count":0,"Domain":"Digital Media","Category":"Technical"},{"Keyword":"AI in Media","Count":0,"Domain":"Digital Media","Category":"Technical"},{"Keyword":"Interactive Video","Count":0,"Domain":"Digital Media","Category":"Technical"},{"Keyword":"Deepfake TechnologyDigital Media","Count":0,"Domain":"Digital Media","Category":"Technical"},{"Keyword":"Video Editor","Count":0,"Domain":"Digital Media","Category":"Technical"},{"Keyword":"Creative Writing","Count":0,"Domain":"Digital Media","Category":"Technical"},{"Keyword":"Visual Effects","Count":0,"Domain":"Digital Media","Category":"Technical"},{"Keyword":"Scriptwriting","Count":0,"Domain":"Digital Media","Category":"Technical"},{"Keyword":"Web Designer","Count":0,"Domain":"Digital Media","Category":"Technical"},{"Keyword":"Editorial Planning","Count":0,"Domain":"Digital Media","Category":"Technical"},{"Keyword":"SEO Writing","Count":0,"Domain":"Digital Media","Category":"Technical"},{"Keyword":"Social Media Manager","Count":0,"Domain":"Digital Media","Category":"Technical"},{"Keyword":"Livestream Production","Count":0,"Domain":"Digital Media","Category":"Technical"},{"Keyword":"Instagram Marketing","Count":0,"Domain":"Digital Media","Category":"Technical"},{"Keyword":"OBS Studio","Count":0,"Domain":"Digital Media","Category":"Technical"},{"Keyword":"Social Media Analytics","Count":0,"Domain":"Digital Media","Category":"Technical"},{"Keyword":"Mailchimp","Count":0,"Domain":"Digital Media","Category":"Technical"},{"Keyword":"Conversion Rate Optimization (CRO)","Count":0,"Domain":"Digital Media","Category":"Technical"},{"Keyword":"Digital Illustration","Count":0,"Domain":"Digital Media","Category":"Technical"},{"Keyword":"Affiliate Marketing","Count":0,"Domain":"Digital Media","Category":"Technical"},{"Keyword":"PPC","Count":0,"Domain":"Digital Media","Category":"Technical"},{"Keyword":"Facebook Ads","Count":0,"Domain":"Digital Media","Category":"Technical"},{"Keyword":"Social Media Marketing","Count":0,"Domain":"Digital Media","Category":"Technical"},{"Keyword":"Sprout Social","Count":0,"Domain":"Digital Media","Category":"Technical"},{"Keyword":"Hashtag Strategy","Count":0,"Domain":"Digital Media","Category":"Technical"},{"Keyword":"YouTube Live","Count":0,"Domain":"Digital Media","Category":"Technical"},{"Keyword":"Viral Marketing","Count":0,"Domain":"Digital Media","Category":"Technical"},{"Keyword":"Social Listening","Count":0,"Domain":"Digital Media","Category":"Technical"},{"Keyword":"Community Management","Count":0,"Domain":"Digital Media","Category":"Technical"},{"Keyword":"Pinterest Marketing","Count":0,"Domain":"Digital Media","Category":"Technical"},{"Keyword":"YouTube Marketing","Count":0,"Domain":"Digital Media","Category":"Technical"},{"Keyword":"TikTok Marketing","Count":0,"Domain":"Digital Media","Category":"Technical"},{"Keyword":"Twitter Marketing","Count":0,"Domain":"Digital Media","Category":"Technical"},{"Keyword":"LinkedIn Marketing","Count":0,"Domain":"Digital Media","Category":"Technical"},{"Keyword":"Brand Management","Count":0,"Domain":"Digital Media","Category":"Technical"},{"Keyword":"Maya","Count":0,"Domain":"Digital Media","Category":"Technical"},{"Keyword":"Cinema 4D","Count":0,"Domain":"Digital Media","Category":"Technical"},{"Keyword":"Blender","Count":0,"Domain":"Digital Media","Category":"Technical"},{"Keyword":"Twitch Streaming","Count":0,"Domain":"Digital Media","Category":"Technical"},{"Keyword":"Spotify Podcasting","Count":0,"Domain":"Digital Media","Category":"Technical"},{"Keyword":"Mixing and Mastering","Count":0,"Domain":"Digital Media","Category":"Technical"},{"Keyword":"GarageBand","Count":0,"Domain":"Digital Media","Category":"Technical"},{"Keyword":"Adobe Audition","Count":0,"Domain":"Digital Media","Category":"Technical"},{"Keyword":"Audacity","Count":0,"Domain":"Digital Media","Category":"Technical"},{"Keyword":"Audio Editing","Count":0,"Domain":"Digital Media","Category":"Technical"},{"Keyword":"Facebook Marketing","Count":0,"Domain":"Digital Media","Category":"Technical"},{"Keyword":"ROI Analysis","Count":0,"Domain":"Digital Media","Category":"Technical"},{"Keyword":"Engagement Metrics","Count":0,"Domain":"Digital Media","Category":"Technical"},{"Keyword":"KPI Tracking","Count":0,"Domain":"Digital Media","Category":"Technical"},{"Keyword":"Social Media Insights","Count":0,"Domain":"Digital Media","Category":"Technical"},{"Keyword":"Adobe Premiere Pro","Count":0,"Domain":"Digital Media","Category":"Technical"},{"Keyword":"Landing Page Optimization","Count":0,"Domain":"Digital Media","Category":"Technical"},{"Keyword":"3D Animation","Count":0,"Domain":"Digital Media","Category":"Technical"},{"Keyword":"Webflow","Count":0,"Domain":"Digital Media","Category":"Technical"},{"Keyword":"2D Animation","Count":0,"Domain":"Digital Media","Category":"Technical"},{"Keyword":"Podcasting","Count":0,"Domain":"Digital Media","Category":"Technical"},{"Keyword":"Collaboration","Count":436,"Domain":"Digital Media","Category":"Soft"},{"Keyword":"Attention to Detail","Count":343,"Domain":"Digital Media","Category":"Soft"},{"Keyword":"Project Management","Count":292,"Domain":"Digital Media","Category":"Soft"},{"Keyword":"Problem-Solving","Count":286,"Domain":"Digital Media","Category":"Soft"},{"Keyword":"Creative","Count":279,"Domain":"Digital Media","Category":"Soft"},{"Keyword":"Teamwork","Count":148,"Domain":"Digital Media","Category":"Soft"},{"Keyword":"Creativity","Count":97,"Domain":"Digital Media","Category":"Soft"},{"Keyword":"Self-Motivated","Count":72,"Domain":"Digital Media","Category":"Soft"},{"Keyword":"Decision Making","Count":64,"Domain":"Digital Media","Category":"Soft"},{"Keyword":"Inspired","Count":35,"Domain":"Digital Media","Category":"Soft"},{"Keyword":"Insightful","Count":11,"Domain":"Digital Media","Category":"Soft"},{"Keyword":"Adaptability to Trends & Platforms","Count":0,"Domain":"Digital Media","Category":"Soft"},{"Keyword":"Communication & Branding","Count":0,"Domain":"Digital Media","Category":"Soft"},{"Keyword":"Data-Driven Decision-Making (SEO, Social Media Analytics)","Count":0,"Domain":"Digital Media","Category":"Soft"},{"Keyword":"Collaboration & Teamwork","Count":0,"Domain":"Digital Media","Category":"Soft"},{"Keyword":"Visual Thinking","Count":0,"Domain":"Digital Media","Category":"Soft"},{"Keyword":"Storytelling & Narrative Skills","Count":0,"Domain":"Digital Media","Category":"Soft"},{"Keyword":"Persuasion & Marketing Insight","Count":0,"Domain":"Digital Media","Category":"Soft"},{"Keyword":"Emotional Intelligence (Understanding Audience Needs)","Count":0,"Domain":"Digital Media","Category":"Soft"},{"Keyword":"Time Management & Deadlines","Count":0,"Domain":"Digital Media","Category":"Soft"},{"Keyword":"Client & Stakeholder Management","Count":0,"Domain":"Digital Media","Category":"Soft"},{"Keyword":"Creativity & Innovation","Count":0,"Domain":"Digital Media","Category":"Soft"}]