{"name":"jobspikr_software-developer-job-listings-from-usa","title":"Software developer job listings from USA","description":"To understand the job postings titled software developer in the United states during the month of August.\n\n---\n{\"editor\":\"simple\"}\n---\nThis data was extracted using [JobsPikr](https://www.jobspikr.com)  - a job data delivery platform that extracts job data from job boards across the globe.","homepage":"https://data.world/jobspikr/software-developer-job-listings-from-usa","license":"Public Domain","resources":[{"name":"software_developer_united_states_1971_20191023_1","schema":{"fields":[{"name":"crawl_timestamp","title":"crawl_timestamp","type":"string","rdfType":"http://www.w3.org/2001/XMLSchema#string","dwSourceId":"crawl_timestamp"},{"name":"url","title":"url","type":"string","rdfType":"http://www.w3.org/2001/XMLSchema#anyURI","dwSourceId":"url"},{"name":"job_title","title":"job_title","type":"string","rdfType":"http://www.w3.org/2001/XMLSchema#string","dwSourceId":"job_title"},{"name":"category","title":"category","type":"string","rdfType":"http://www.w3.org/2001/XMLSchema#string","dwSourceId":"category"},{"name":"company_name","title":"company_name","type":"string","rdfType":"http://www.w3.org/2001/XMLSchema#string","dwSourceId":"company_name"},{"name":"city","title":"city","type":"string","rdfType":"http://www.w3.org/2001/XMLSchema#string","dwSourceId":"city"},{"name":"state","title":"state","type":"string","rdfType":"http://www.w3.org/2001/XMLSchema#string","dwSourceId":"state"},{"name":"country","title":"country","type":"string","rdfType":"http://www.w3.org/2001/XMLSchema#string","dwSourceId":"country"},{"name":"inferred_city","title":"inferred_city","type":"string","rdfType":"http://www.w3.org/2001/XMLSchema#string","dwSourceId":"inferred_city"},{"name":"inferred_state","title":"inferred_state","type":"string","rdfType":"http://www.w3.org/2001/XMLSchema#string","dwSourceId":"inferred_state"},{"name":"inferred_country","title":"inferred_country","type":"string","rdfType":"http://www.w3.org/2001/XMLSchema#string","dwSourceId":"inferred_country"},{"name":"post_date","title":"post_date","type":"date","rdfType":"http://www.w3.org/2001/XMLSchema#date","dwSourceId":"post_date"},{"name":"job_description","title":"job_description","type":"string","rdfType":"http://www.w3.org/2001/XMLSchema#string","dwSourceId":"job_description"},{"name":"job_type","title":"job_type","type":"string","rdfType":"http://www.w3.org/2001/XMLSchema#string","dwSourceId":"job_type"},{"name":"salary_offered","title":"salary_offered","type":"string","rdfType":"http://www.w3.org/2001/XMLSchema#string","dwSourceId":"salary_offered"},{"name":"job_board","title":"job_board","type":"string","rdfType":"http://www.w3.org/2001/XMLSchema#string","dwSourceId":"job_board"},{"name":"geo","title":"geo","type":"string","rdfType":"http://www.w3.org/2001/XMLSchema#string","dwSourceId":"geo"},{"name":"cursor","title":"cursor","type":"integer","rdfType":"http://www.w3.org/2001/XMLSchema#integer","dwSourceId":"cursor"},{"name":"contact_email","title":"contact_email","type":"string","rdfType":"http://www.w3.org/2001/XMLSchema#string","dwSourceId":"contact_email"},{"name":"contact_phone_number","title":"contact_phone_number","type":"string","rdfType":"http://www.w3.org/2001/XMLSchema#string","dwSourceId":"contact_phone_number"},{"name":"uniq_id","title":"uniq_id","type":"string","rdfType":"http://www.w3.org/2001/XMLSchema#string","dwSourceId":"uniq_id"}]},"path":"data/software_developer_united_states_1971_20191023_1.csv","format":"csv"},{"name":"original/software_developer_united_states_1971_20191023_1.csv","path":"original/software_developer_united_states_1971_20191023_1.csv","format":"csv","mediatype":"text/csv","bytes":43530795}],"keywords":["software developer","jobs","job board"]}